-- --------------------------------------------------------
-- Host:                         127.0.0.1
-- Server version:               8.0.33 - MySQL Community Server - GPL
-- Server OS:                    Win64
-- HeidiSQL Version:             12.1.0.6537
-- --------------------------------------------------------

/*!40101 SET @OLD_CHARACTER_SET_CLIENT=@@CHARACTER_SET_CLIENT */;
/*!40101 SET NAMES utf8 */;
/*!50503 SET NAMES utf8mb4 */;
/*!40103 SET @OLD_TIME_ZONE=@@TIME_ZONE */;
/*!40103 SET TIME_ZONE='+00:00' */;
/*!40014 SET @OLD_FOREIGN_KEY_CHECKS=@@FOREIGN_KEY_CHECKS, FOREIGN_KEY_CHECKS=0 */;
/*!40101 SET @OLD_SQL_MODE=@@SQL_MODE, SQL_MODE='NO_AUTO_VALUE_ON_ZERO' */;
/*!40111 SET @OLD_SQL_NOTES=@@SQL_NOTES, SQL_NOTES=0 */;

-- Dumping structure for table bookve.bill
CREATE TABLE IF NOT EXISTS `bill` (
  `id` int NOT NULL AUTO_INCREMENT,
  `created_time` datetime(6) DEFAULT NULL,
  `user_id` int NOT NULL,
  PRIMARY KEY (`id`),
  KEY `FKtp81kkpw4jxqdkw6q646buqgv` (`user_id`),
  CONSTRAINT `FKtp81kkpw4jxqdkw6q646buqgv` FOREIGN KEY (`user_id`) REFERENCES `userr` (`id`) ON DELETE CASCADE
) ENGINE=InnoDB AUTO_INCREMENT=4 DEFAULT CHARSET=utf8mb4 COLLATE=utf8mb4_0900_ai_ci;

-- Dumping data for table bookve.bill: ~3 rows (approximately)
INSERT INTO `bill` (`id`, `created_time`, `user_id`) VALUES
	(1, '2023-11-29 14:24:18.570362', 10),
	(2, '2023-11-29 14:30:47.083537', 11),
	(3, '2023-11-29 14:41:22.952588', 11);

-- Dumping structure for table bookve.branch
CREATE TABLE IF NOT EXISTS `branch` (
  `id` int NOT NULL AUTO_INCREMENT,
  `dia_chi` varchar(255) DEFAULT NULL,
  `imgurl` varchar(2000) DEFAULT NULL,
  `name` varchar(255) DEFAULT NULL,
  `phone_no` varchar(255) DEFAULT NULL,
  PRIMARY KEY (`id`)
) ENGINE=InnoDB AUTO_INCREMENT=5 DEFAULT CHARSET=utf8mb4 COLLATE=utf8mb4_0900_ai_ci;

-- Dumping data for table bookve.branch: ~4 rows (approximately)
INSERT INTO `branch` (`id`, `dia_chi`, `imgurl`, `name`, `phone_no`) VALUES
	(1, 'Tầng 4, Mê Linh Plaza Hà Đông, Đ. Tô Hiệu, P, Hà Đông, Hà Nội', 'https://www.google.com/maps/vt/data=01jbed2RV46dgYPWYrkUjQ6y9E_UiFnVBsCgIdJWh4TGqJw3K1Qg_A4phqg094CBuRXesGa3QOof0UPRtY3zUWjOKScSn-0JuYoAlbcSKeYWV9wooMdNPaY7iL3Yd9PJjxicmzPKGds-zZRAZ9hqPRix1Trxq2vTQ7GZDWXjNJrqjn2tqL8zO0gSrZgSmarAH0jaD9Ux5tVTaZCwchq2_nNCrs2vjOU7FeXQsPRqfM3jgoYPRe43jeLkd4KGtweeXwUPgV2AeBFj9yTmjBgHSswDBrmGoJkjk-0uRIIO6LCZyMAsSW1p7-gLsUI5nJF6zWCNKmesZ3Jd3I-17zEAOz3AmLMuLkRgiFkICakIuG9B0DkjzVK2P4jN203i4DNkXTpoxKHTMv9dZG-ZoW1A9w7Q5rzSukE8Zdt3GMMei-w-THF-qL3znIiK3nQKq1_BRtnFTvhXduCYpHCo3ZvIiBz4WNKjovXd9ppG-OlRtFLYh8kYvlCKWkO0bmkBeQXoT4mqHQXm80zs_P2CB4xE3bbtoUPgaNo2-5eUcO1CPh6n3DKUdkgOIjRflGoWijmrhJO_45gguPAqZ7ZcXmY_isBf4PnWWJnzO2VAHVQwqwYIJ503CVbm3bmWoX3nVyqThCPj3fFsvjxCH-uYT0VXi3IFc02ktKuirKrsSo2rcgTcTqto0LlmkPAm34wOAr2KmMCfiqJrjKKMCn62v7WefBbU3VLI7Z8pLIgrG4l258FsyN7unVKWcVl3TVnBWp-acw9Y9AmM-nu8OzD7HSpMjJM3X28MJGj9LIIC1WsEdVL0Jhq8x9vBkY9F0RT_XTLQxbIJYa3v0B9x6KlkdOlWqTQTHvc5HQz8OV0JQYp5roWX5WcIx06_gkNOvisnf-J3aeMgzGVGs_-dZUXPwNseutiOPQXyy5NfzhZuJDOAmCJLXEAhmB6BFzFMbATI5zQ9v-D2lDvsjYq2U3Mt7Ctp6HlZVb4DGhzu7FYZkBQ11KkbQthBNKrZQ3kTiVQNNf13Osr9fIK4W6m6R3FtkxqnPshtlc-PYArGqZimsKnxgxxwt1spelowhnI55qFR9wa6UdJgeyGGRfVyfDpFiRKUkwuB7Vip?h=505&w=561&scale=1', 'HUYCINEMA Hà Đông', '0938473829'),
	(2, '216 Đ. Võ Văn Ngân, Bình Thọ, Thủ Đức, Thành phố Hồ Chí Minh', 'https://www.google.com/maps/vt/data=TZeUNl_xwzxmDpHYWKkbDv_7amlZzoi4kaRvCEATRTtis3KKxsH0tcFvyiR7Gjt4G3NufaHQaPOcn3pMPNABNgbW2ZoipmmEo6PKNCFhm8CuQbuASrxxaRyviyUG78mD1AVOf1D2fJxIjyEmphS20Wo9dgRW8TJBXekAhiaiGu8g', 'HUYCINEMA Thủ Đức', '1900 6017'),
	(3, '29 P. Liễu Giai, Ngọc Khánh, Ba Đình, Hà Nội 100000', 'https://www.google.com/maps/vt/data=yhfVddn9tdyWNfmuCzyFU_TR8pm30CLi5oeQTFnFB7qV90WT3OL_ETKkEjQjn3j6zlMuz-VSN_AgZRDCghvF5y2JCVivnwi-sOuKKWT4bSEOf0FZ2-nwoNYSRZH--yH_VpazHsQ9huADdpfR_j3ZnNMEfU_hwJXzSef8AcxHTcqA', 'HUYCINEMA Ba Đình', '1900 6017'),
	(4, 'Phạm Hùng, Mỹ Đình, Nam Từ Liêm, Hà Nội', 'https://www.google.com/maps/vt/data=YVeSKtAT_T4Tie7xjlIh8lVV_CPmpsr36ayQG-gTEGBZtEKRSSUuLnFbj1HBbGxrYJUS3T3ib8llvuVuiSE85HJYK54JW899mhPMP0BWDwBch-utK9g-_kUPd2rsaEpMLmwUd3R9SO67_S6eUEcY0SfqeXAfB2p9NizW8eGSgD63', 'HUYCINEMA Phạm Hùng', '1900 6017');

-- Dumping structure for table bookve.movie
CREATE TABLE IF NOT EXISTS `movie` (
  `id` int NOT NULL AUTO_INCREMENT,
  `actors` varchar(255) DEFAULT NULL,
  `categories` varchar(255) DEFAULT NULL,
  `director` varchar(255) DEFAULT NULL,
  `duration` int NOT NULL,
  `is_showing` int NOT NULL,
  `language` varchar(255) DEFAULT NULL,
  `large_imageurl` varchar(1000) DEFAULT NULL,
  `long_description` varchar(1000) DEFAULT NULL,
  `name` varchar(255) DEFAULT NULL,
  `rated` varchar(255) DEFAULT NULL,
  `release_date` date DEFAULT NULL,
  `short_description` varchar(500) DEFAULT NULL,
  `small_imageurl` varchar(1000) DEFAULT NULL,
  `trailerurl` varchar(1000) DEFAULT NULL,
  PRIMARY KEY (`id`)
) ENGINE=InnoDB AUTO_INCREMENT=8 DEFAULT CHARSET=utf8mb4 COLLATE=utf8mb4_0900_ai_ci;

-- Dumping data for table bookve.movie: ~7 rows (approximately)
INSERT INTO `movie` (`id`, `actors`, `categories`, `director`, `duration`, `is_showing`, `language`, `large_imageurl`, `long_description`, `name`, `rated`, `release_date`, `short_description`, `small_imageurl`, `trailerurl`) VALUES
	(1, 'Amy Sedaris, Jeff Goldblum, James Marsden', 'Hoạt Hình', 'Tom McGrath', 105, 1, 'Tiếng Anh với phụ đề tiếng Việt và lồng tiếng Việt', 'https://i.pinimg.com/200x150/16/93/02/169302b0cec54999c08eb19a3b82e89e.jpg', 'Nhóc trùm Ted giờ đây đã trở thành một triệu phú nổi tiếng trong khi Tim lại có một cuộc sống đơn giản bên vợ anh Carol và hai cô con gái nhỏ yêu dấu. Mỗi mùa Giáng sinh tới, cả Tina và Tabitha đều mong được gặp chú Ted nhưng dường như hai anh em nhà Templeton nay đã không còn gần gũi như xưa. Nhưng bất ngờ thay khi Ted lại có màn tái xuất không thể hoành tráng hơn khi đáp thẳng máy bay trực thăng tới nhà Tim trước sự ngỡ ngàng của cả gia đình.', 'Nhóc Trùm: Nối Nghiệp Gia Đình', 'P - PHIM DÀNH CHO MỌI ĐỐI TƯỢNG', '2021-12-24', 'Nhóc trùm Ted giờ đây đã trở thành một triệu phú nổi tiếng trong khi Tim lại có một cuộc sống đơn giản bên vợ anh Carol và hai cô con gái nhỏ yêu dấu. Mỗi mùa Giáng sinh tới, cả Tina và Tabitha đều mong được gặp chú Ted', 'https://www.cgv.vn/media/catalog/product/cache/1/small_image/240x388/dd828b13b1cb77667d034d5f59a82eb6/p/o/poster_boss_baby_2_24.12.2021_1_1_1__1.jpg', 'https://www.youtube.com/embed/Lv8nL2q8yRI'),
	(2, 'Tom Hardy, Michelle Williams, Woody Harrelson, Naomie Harris', 'Hành Động, Khoa Học Viễn Tưởng, Phiêu Lưu, Thần thoại', 'Andy Serkis', 97, 1, 'Tiếng Anh - Phụ đề Tiếng Việt', '2wCEAAoHCBYWFRgWFhYZGRgaGRwcHBwaGh4cGhoeIx8cHBweHh0cIS4lHB4sIRodJjgmKy8xNTU1HCQ7QDszPy40NTEBDAwMEA8QHxISHzQsJCs0NDQ0NDQ0NDQ0NDQ0NDQ0NDQ0NDQ0NDQ0NDQ0NDQ0NDQ0NDQ0NDQ0NDQ0NDQ0NDQ0NP', 'Siêu bom tấn #VENOM: LET THERE BE CARNAGE hứa hẹn trận chiến khốc liệt nhất giữa Venom và kẻ thù truyền kiếp, Carnage.', 'Venom: Đối Mặt Tử Thù', 'C13 - PHIM CẤM KHÁN GIẢ DƯỚI 13 TUỔI', '2021-12-10', 'Siêu bom tấn #VENOM: LET THERE BE CARNAGE hứa hẹn trận chiến khốc liệt nhất giữa Venom và kẻ thù truyền kiếp, Carnage.', 'https://www.cgv.vn/media/catalog/product/cache/1/small_image/240x388/dd828b13b1cb77667d034d5f59a82eb6/p/o/poster_venom_121121_1__1.jpg', 'https://www.youtube.com/embed/EVWdzVtSh1I'),
	(3, 'Keanu Reeves, Carrie-Anne Moss, Yahya Abdul-Mateen II, Jessica Henwick, Jonathan Groff, Neil Patrick Harris, Priyanka Chopra Jonas và Christina Ricci', 'Hành Động, Khoa Học Viễn Tưởng', 'Lana Wachowski', 148, 1, 'Tiếng Anh - Phụ đề Tiếng Việt, Phụ đề Tiếng Hàn', 'https://homepage.momocdn.net/blogscontents/momo-upload-api-200213114731-637171912517915668.jpg', 'Ma Trận: Hồi Sinh là phần phim tiếp theo rất được trông đợi của loạt phim “Ma Trận” đình đám, đã góp phần tái định nghĩa thể loại phim khoa học viễn tưởng. Phần phim mới nhất này đón chào sự trở lại của cặp đôi Keanu Reeves và Carrie-Anne Moss với vai diễn biểu tượng đã làm nên tên tuổi của họ, Neo và Trinity. Ngoài ra, phim còn có sự góp mặt của dàn diễn viên đầy tài năng gồm Yahya Abdul-Mateen II, Jessica Henwick, Jonathan Groff, Neil Patrick Harris, Priyanka Chopra Jonas và Christina Ricci.', 'Ma Trận: Hồi Sinh', 'C18 - PHIM CẤM KHÁN GIẢ DƯỚI 18 TUỔI', '2021-12-24', 'Sau 20 năm, siêu phẩm ma trận đã trờ lại với người xem, Neo is back! Liệu đây có phải phần kết cho franchise này', 'https://www.cgv.vn/media/catalog/product/cache/1/small_image/240x388/dd828b13b1cb77667d034d5f59a82eb6/p/o/poster_matrix_4_1__1.jpg', 'https://www.youtube.com/embed/l2UTOJC5Tbk'),
	(4, 'Wasabi Mizuta, Megumi Oohara, Yumi Kakazu, Subaru Kimura, Tomokazu Seki', 'Hài, Hoạt Hình', 'Ryuichi Yagi, Takashi Yamazaki', 96, 1, 'Tiếng Nhật - Phụ đề Tiếng Việt; Lồng tiếng', 'https://ik.imagekit.io/tvlk/blog/2022/07/phim-hanh-dong-my-1-1024x576.jpeg?tr=dpr-2,w-675', 'Một ngày nọ, Nobita vô tình tìm thấy chú gấu bông cũ, món đồ chơi chất chứa bao kỉ niệm cùng người bà đáng kính. Với khát khao “muốn gặp bà lần nữa”, Nobita đã trở về quá khứ bằng cổ máy thời gian, bất chấp sự phản đối của Doraemon. Dù ngạc nhiên, bà vẫn tin cậu thiếu niên lớn tướng trước mặt mình là cháu mình. Trước nguyện vọng tha thiết “mong được thấy cháu dâu một lần”, chuyến phiêu lưu của Doraemon và Nobita bắt đầu. Nobita muốn cho bà xem đám cưới của mình, nhưng đúng ngày thành hôn với Shizuka, chú rể Nobita lại trốn mất? Jaian và Suneo chạy đôn chạy đáo tìm bạn, còn Shizuka vẫn tin tưởng chờ đợi Nobita. Để thực hiện nguyện vọng của bà, đáp lại niềm tin của gia đình, bạn bà và Shizuka yêu quý, Nobita sẽ cùng Doraemon du hành vượt thời gian. Họ sẽ mang đến cho chúng ta một câu chuyện cảm động đến rơi lệ về quan hệ con người, kết nối giữa quá khứ, hiện tại và tương lai.', 'Doraemon: Ôi Bạn Ơi 2', 'P - PHIM DÀNH CHO MỌI ĐỐI TƯỢNG', '2021-12-17', 'Một ngày nọ, Nobita vô tình tìm thấy chú gấu bông cũ, món đồ chơi chất chứa bao kỉ niệm cùng người bà đáng kính. Với khát khao “muốn gặp bà lần nữa”, Nobita đã trở về quá khứ bằng cổ máy thời gian, bất chấp sự phản đối của Doraemon', 'https://www.cgv.vn/media/catalog/product/cache/1/small_image/240x388/dd828b13b1cb77667d034d5f59a82eb6/p/o/poster_doremon_2_1__1.jpg', 'https://www.youtube.com/embed/GXnOs4Hj8MA'),
	(5, 'Ansel Elgort, Rachel Zegler, Ariana DeBose, David Alvarez, Mike Faist, Josh Andrés Rivera, Ana Isabelle, Corey Stoll, Brian d’Arcy James, Rita Moreno', 'Nhạc kịch, Tình cảm', 'Steven Spielberg', 156, 1, 'Tiếng Anh - Phụ đề Tiếng Việt', 'https://kyluc.vn/Userfiles/Upload/images/Download/2017/10/14/fa36f820c49a4dfa8eb7aeef845a88f9.jpg', 'Được đạo diễn bởi đạo diễn gạo cội từng giành giải Oscar Steven Spielberg, cùng kịch bản bởi biên kịch từng giành giải Pulitzer Prize và giải Tony Award, Tony Kushner, “Câu chuyện phía Tây” kể lại câu chuyện tình yêu kinh điển của Tony và Maria, giữa sự giằng xé của tình yêu trẻ tuổi và sự ngăn cấm, thù hằn ở thành phố NewYork những năm 1950.', 'Câu Chuyện Phía Tây', 'C16 - PHIM CẤM KHÁN GIẢ DƯỚI 16 TUỔI', '2021-12-24', '“Câu chuyện phía Tây” kể lại câu chuyện tình yêu kinh điển của Tony và Maria, giữa sự giằng xé của tình yêu trẻ tuổi và sự ngăn cấm, thù hằn ở thành phố NewYork những năm 1950', 'https://www.cgv.vn/media/catalog/product/cache/1/small_image/240x388/dd828b13b1cb77667d034d5f59a82eb6/p/o/poster_wss_1200x1800__1.jpg', 'https://www.youtube.com/embed/QPvqV71P0Fo'),
	(6, 'JISOO, JENNIE, ROSÉ, LISA', 'Phim tài liệu', 'Su Yee Jung, Oh Yoon-Dong', 99, 1, 'Tiếng Hàn - Phụ đề tiếng Việt', 'https://cdn2.cellphones.com.vn/960x/https://cdn.sforum.vn/sforum/wp-content/uploads/2022/11/phim-hoat-hinh-3d-thumb-1.jpg', 'Nhóm nhạc nữ được yêu thích toàn cầu, BLACKPINK sẽ kỷ niệm năm thứ 5 hoạt động của nhóm với việc phát hành BLACKPINK THE MOVIE, đây cũng như là món quà đặc biệt dành tặng cho các BLINK— fandom của BLACKPINK — bộ phim sẽ tái hiện một cách sống động những kỷ niệm không thể quên cùng những màn trinh diễn đầy cuồng nhiệt đúng tinh thần lễ hội.', 'BlackPink The Movie', 'P - PHIM DÀNH CHO MỌI ĐỐI TƯỢNG', '2021-12-24', 'Nhóm nhạc nữ được yêu thích toàn cầu, BLACKPINK sẽ kỷ niệm năm thứ 5 hoạt động của nhóm với việc phát hành BLACKPINK THE MOVIE', 'https://www.cgv.vn/media/catalog/product/cache/1/small_image/240x388/dd828b13b1cb77667d034d5f59a82eb6/p/o/poster_blackpink_vie_2_1__1.jpg', 'https://www.youtube.com/embed/Q_rK9UlUN-Q'),
	(7, 'Tom Holland, Zendaya, Benedict Cumberbatch, Jacob Batalon, Jon Favreau', 'Hành Động, Phiêu Lưu', 'Jon Watts', 149, 1, 'Tiếng Anh - Phụ đề Tiếng Việt', 'https://vnpay.vn/s1/statics.vnpay.vn/2023/9/0s2z32z41n71694574855723.png', 'Lần đầu tiên trong lịch sử điện ảnh của Người Nhện, thân phận người hàng xóm thân thiện bị lật mở, khiến trách nhiệm làm một Siêu Anh Hùng xung đột với cuộc sống bình thường và đặt người anh quan tâm nhất vào tình thế nguy hiểm. Khi anh nhờ đến giúp đỡ của Doctor Strange để khôi phục lại bí mật, phép thuật đã gây ra lỗ hổng thời không, giải phóng những ác nhân mạnh mẽ nhất từng đối đầu với Người Nhện từ mọi vũ trụ. Bây giờ, Peter sẽ phải vượt qua thử thách lớn nhất của mình, nó sẽ thay đổi không chỉ tương lai của chính anh mà còn là tương lai của cả Đa Vũ Trụ.', 'Người Nhện: Không Còn Nhà', 'C13 - PHIM CẤM KHÁN GIẢ DƯỚI 13 TUỔI', '2021-12-17', 'Đa vũ trụ được mở ra, những kẻ phản diện nào sẽ trạm chán spidey, cùng đón xem nhá', 'https://www.cgv.vn/media/catalog/product/cache/1/small_image/240x388/dd828b13b1cb77667d034d5f59a82eb6/s/n/snwh_poster_bluemontage_4x5fb_1__1.jpg', 'https://www.youtube.com/embed/daHCu_jU5mQ');

-- Dumping structure for table bookve.roles
CREATE TABLE IF NOT EXISTS `roles` (
  `id` int NOT NULL AUTO_INCREMENT,
  `name` varchar(255) DEFAULT NULL,
  PRIMARY KEY (`id`)
) ENGINE=InnoDB AUTO_INCREMENT=9 DEFAULT CHARSET=utf8mb4 COLLATE=utf8mb4_0900_ai_ci;

-- Dumping data for table bookve.roles: ~8 rows (approximately)
INSERT INTO `roles` (`id`, `name`) VALUES
	(1, 'ROLE_CLIENT'),
	(2, 'ROLE_CLIENT'),
	(3, 'ROLE_CLIENT'),
	(4, 'ROLE_CLIENT'),
	(5, 'ROLE_CLIENT'),
	(6, 'ROLE_CLIENT'),
	(7, 'ROLE_CLIENT'),
	(8, 'ROLE_CLIENT');

-- Dumping structure for table bookve.room
CREATE TABLE IF NOT EXISTS `room` (
  `id` int NOT NULL AUTO_INCREMENT,
  `capacity` int NOT NULL,
  `imgurl` varchar(1000) DEFAULT NULL,
  `name` varchar(255) DEFAULT NULL,
  `total_area` double NOT NULL,
  `branch_id` int NOT NULL,
  PRIMARY KEY (`id`),
  KEY `FK3mf32q0hwpnmu7rf58gjtjrmj` (`branch_id`),
  CONSTRAINT `FK3mf32q0hwpnmu7rf58gjtjrmj` FOREIGN KEY (`branch_id`) REFERENCES `branch` (`id`) ON DELETE CASCADE
) ENGINE=InnoDB AUTO_INCREMENT=5 DEFAULT CHARSET=utf8mb4 COLLATE=utf8mb4_0900_ai_ci;

-- Dumping data for table bookve.room: ~4 rows (approximately)
INSERT INTO `room` (`id`, `capacity`, `imgurl`, `name`, `total_area`, `branch_id`) VALUES
	(1, 40, 'http://hdradio.vn/upload/hinhanh/Cinema-tong-hop/cinema-thiet-ke/Cinema-kd100/cinema-hdradio.jpg', 'Phòng 101', 80, 4),
	(2, 40, 'http://hdradio.vn/upload/hinhanh/Cinema-tong-hop/cinema-thiet-ke/Cinema-kd100/cinema-hdradio.jpg', 'Phòng 202', 80, 4),
	(3, 40, 'http://hdradio.vn/upload/hinhanh/Cinema-tong-hop/cinema-thiet-ke/Cinema-kd100/cinema-hdradio.jpg', 'Phòng 303', 80, 4),
	(4, 40, 'http://hdradio.vn/upload/hinhanh/Cinema-tong-hop/cinema-thiet-ke/Cinema-kd100/cinema-hdradio.jpg', 'Phòng 404', 80, 4);

-- Dumping structure for table bookve.schedule
CREATE TABLE IF NOT EXISTS `schedule` (
  `id` int NOT NULL AUTO_INCREMENT,
  `price` double NOT NULL,
  `start_date` date DEFAULT NULL,
  `start_time` time DEFAULT NULL,
  `branch_id` int NOT NULL,
  `movie_id` int NOT NULL,
  `room_id` int NOT NULL,
  PRIMARY KEY (`id`),
  KEY `FK4ak7m8did07y741qbt2mm45c0` (`branch_id`),
  KEY `FKa6hosaihwhtb3scvamdyh9mlv` (`movie_id`),
  KEY `FKh2hdhbss2x31ns719hka6enma` (`room_id`),
  CONSTRAINT `FK4ak7m8did07y741qbt2mm45c0` FOREIGN KEY (`branch_id`) REFERENCES `branch` (`id`) ON DELETE CASCADE,
  CONSTRAINT `FKa6hosaihwhtb3scvamdyh9mlv` FOREIGN KEY (`movie_id`) REFERENCES `movie` (`id`) ON DELETE CASCADE,
  CONSTRAINT `FKh2hdhbss2x31ns719hka6enma` FOREIGN KEY (`room_id`) REFERENCES `room` (`id`) ON DELETE CASCADE
) ENGINE=InnoDB AUTO_INCREMENT=17 DEFAULT CHARSET=utf8mb4 COLLATE=utf8mb4_0900_ai_ci;

-- Dumping data for table bookve.schedule: ~16 rows (approximately)
INSERT INTO `schedule` (`id`, `price`, `start_date`, `start_time`, `branch_id`, `movie_id`, `room_id`) VALUES
	(1, 70000, '2021-01-05', '10:15:00', 1, 7, 1),
	(2, 70000, '2021-01-05', '13:05:00', 1, 7, 1),
	(3, 70000, '2021-01-05', '14:05:00', 1, 7, 1),
	(4, 70000, '2021-01-05', '16:20:00', 1, 7, 1),
	(5, 70000, '2021-01-05', '16:20:00', 1, 7, 1),
	(6, 70000, '2021-01-06', '16:20:00', 1, 7, 1),
	(7, 70000, '2021-01-06', '19:20:00', 1, 7, 1),
	(8, 70000, '2021-01-05', '19:15:00', 1, 6, 1),
	(9, 70000, '2021-01-05', '10:15:00', 1, 6, 2),
	(10, 70000, '2021-01-05', '16:20:00', 1, 7, 2),
	(11, 70000, '2021-01-05', '10:15:00', 1, 2, 3),
	(12, 70000, '2021-01-05', '16:20:00', 1, 7, 3),
	(13, 70000, '2021-01-05', '16:20:00', 1, 7, 4),
	(14, 70000, '2021-01-05', '10:15:00', 2, 7, 1),
	(15, 70000, '2021-01-05', '10:15:00', 3, 7, 1),
	(16, 70000, '2021-01-05', '10:15:00', 4, 7, 1);

-- Dumping structure for table bookve.seat
CREATE TABLE IF NOT EXISTS `seat` (
  `id` int NOT NULL AUTO_INCREMENT,
  `name` varchar(255) DEFAULT NULL,
  `room_id` int NOT NULL,
  PRIMARY KEY (`id`),
  KEY `FKd7f42843rt05tt66t6vcb7s9u` (`room_id`),
  CONSTRAINT `FKd7f42843rt05tt66t6vcb7s9u` FOREIGN KEY (`room_id`) REFERENCES `room` (`id`) ON DELETE CASCADE
) ENGINE=InnoDB AUTO_INCREMENT=1081 DEFAULT CHARSET=utf8mb4 COLLATE=utf8mb4_0900_ai_ci;

-- Dumping data for table bookve.seat: ~1,080 rows (approximately)
INSERT INTO `seat` (`id`, `name`, `room_id`) VALUES
	(1, 'A1', 1),
	(2, 'A2', 1),
	(3, 'A3', 1),
	(4, 'A4', 1),
	(5, 'A5', 1),
	(6, 'A6', 1),
	(7, 'A7', 1),
	(8, 'A8', 1),
	(9, 'B1', 1),
	(10, 'B2', 1),
	(11, 'B3', 1),
	(12, 'B4', 1),
	(13, 'B5', 1),
	(14, 'B6', 1),
	(15, 'B7', 1),
	(16, 'B8', 1),
	(17, 'C1', 1),
	(18, 'C2', 1),
	(19, 'C3', 1),
	(20, 'C4', 1),
	(21, 'C5', 1),
	(22, 'C6', 1),
	(23, 'C7', 1),
	(24, 'C8', 1),
	(25, 'D1', 1),
	(26, 'D2', 1),
	(27, 'D3', 1),
	(28, 'D4', 1),
	(29, 'D5', 1),
	(30, 'D6', 1),
	(31, 'D7', 1),
	(32, 'D8', 1),
	(33, 'E1', 1),
	(34, 'E2', 1),
	(35, 'E3', 1),
	(36, 'E4', 1),
	(37, 'E5', 1),
	(38, 'E6', 1),
	(39, 'E7', 1),
	(40, 'E8', 1),
	(41, 'A1', 1),
	(42, 'A2', 1),
	(43, 'A3', 1),
	(44, 'A4', 1),
	(45, 'A5', 1),
	(46, 'A6', 1),
	(47, 'A7', 1),
	(48, 'A8', 1),
	(49, 'B1', 1),
	(50, 'B2', 1),
	(51, 'B3', 1),
	(52, 'B4', 1),
	(53, 'B5', 1),
	(54, 'B6', 1),
	(55, 'B7', 1),
	(56, 'B8', 1),
	(57, 'C1', 1),
	(58, 'C2', 1),
	(59, 'C3', 1),
	(60, 'C4', 1),
	(61, 'C5', 1),
	(62, 'C6', 1),
	(63, 'C7', 1),
	(64, 'C8', 1),
	(65, 'D1', 1),
	(66, 'D2', 1),
	(67, 'D3', 1),
	(68, 'D4', 1),
	(69, 'D5', 1),
	(70, 'D6', 1),
	(71, 'D7', 1),
	(72, 'D8', 1),
	(73, 'E1', 1),
	(74, 'E2', 1),
	(75, 'E3', 1),
	(76, 'E4', 1),
	(77, 'E5', 1),
	(78, 'E6', 1),
	(79, 'E7', 1),
	(80, 'E8', 1),
	(81, 'A1', 1),
	(82, 'A2', 1),
	(83, 'A3', 1),
	(84, 'A4', 1),
	(85, 'A5', 1),
	(86, 'A6', 1),
	(87, 'A7', 1),
	(88, 'A8', 1),
	(89, 'B1', 1),
	(90, 'B2', 1),
	(91, 'B3', 1),
	(92, 'B4', 1),
	(93, 'B5', 1),
	(94, 'B6', 1),
	(95, 'B7', 1),
	(96, 'B8', 1),
	(97, 'C1', 1),
	(98, 'C2', 1),
	(99, 'C3', 1),
	(100, 'C4', 1),
	(101, 'C5', 1),
	(102, 'C6', 1),
	(103, 'C7', 1),
	(104, 'C8', 1),
	(105, 'D1', 1),
	(106, 'D2', 1),
	(107, 'D3', 1),
	(108, 'D4', 1),
	(109, 'D5', 1),
	(110, 'D6', 1),
	(111, 'D7', 1),
	(112, 'D8', 1),
	(113, 'E1', 1),
	(114, 'E2', 1),
	(115, 'E3', 1),
	(116, 'E4', 1),
	(117, 'E5', 1),
	(118, 'E6', 1),
	(119, 'E7', 1),
	(120, 'E8', 1),
	(121, 'A1', 1),
	(122, 'A2', 1),
	(123, 'A3', 1),
	(124, 'A4', 1),
	(125, 'A5', 1),
	(126, 'A6', 1),
	(127, 'A7', 1),
	(128, 'A8', 1),
	(129, 'B1', 1),
	(130, 'B2', 1),
	(131, 'B3', 1),
	(132, 'B4', 1),
	(133, 'B5', 1),
	(134, 'B6', 1),
	(135, 'B7', 1),
	(136, 'B8', 1),
	(137, 'C1', 1),
	(138, 'C2', 1),
	(139, 'C3', 1),
	(140, 'C4', 1),
	(141, 'C5', 1),
	(142, 'C6', 1),
	(143, 'C7', 1),
	(144, 'C8', 1),
	(145, 'D1', 1),
	(146, 'D2', 1),
	(147, 'D3', 1),
	(148, 'D4', 1),
	(149, 'D5', 1),
	(150, 'D6', 1),
	(151, 'D7', 1),
	(152, 'D8', 1),
	(153, 'E1', 1),
	(154, 'E2', 1),
	(155, 'E3', 1),
	(156, 'E4', 1),
	(157, 'E5', 1),
	(158, 'E6', 1),
	(159, 'E7', 1),
	(160, 'E8', 1),
	(161, 'A1', 1),
	(162, 'A2', 1),
	(163, 'A3', 1),
	(164, 'A4', 1),
	(165, 'A5', 1),
	(166, 'A6', 1),
	(167, 'A7', 1),
	(168, 'A8', 1),
	(169, 'B1', 1),
	(170, 'B2', 1),
	(171, 'B3', 1),
	(172, 'B4', 1),
	(173, 'B5', 1),
	(174, 'B6', 1),
	(175, 'B7', 1),
	(176, 'B8', 1),
	(177, 'C1', 1),
	(178, 'C2', 1),
	(179, 'C3', 1),
	(180, 'C4', 1),
	(181, 'C5', 1),
	(182, 'C6', 1),
	(183, 'C7', 1),
	(184, 'C8', 1),
	(185, 'D1', 1),
	(186, 'D2', 1),
	(187, 'D3', 1),
	(188, 'D4', 1),
	(189, 'D5', 1),
	(190, 'D6', 1),
	(191, 'D7', 1),
	(192, 'D8', 1),
	(193, 'E1', 1),
	(194, 'E2', 1),
	(195, 'E3', 1),
	(196, 'E4', 1),
	(197, 'E5', 1),
	(198, 'E6', 1),
	(199, 'E7', 1),
	(200, 'E8', 1),
	(201, 'A1', 1),
	(202, 'A2', 1),
	(203, 'A3', 1),
	(204, 'A4', 1),
	(205, 'A5', 1),
	(206, 'A6', 1),
	(207, 'A7', 1),
	(208, 'A8', 1),
	(209, 'B1', 1),
	(210, 'B2', 1),
	(211, 'B3', 1),
	(212, 'B4', 1),
	(213, 'B5', 1),
	(214, 'B6', 1),
	(215, 'B7', 1),
	(216, 'B8', 1),
	(217, 'C1', 1),
	(218, 'C2', 1),
	(219, 'C3', 1),
	(220, 'C4', 1),
	(221, 'C5', 1),
	(222, 'C6', 1),
	(223, 'C7', 1),
	(224, 'C8', 1),
	(225, 'D1', 1),
	(226, 'D2', 1),
	(227, 'D3', 1),
	(228, 'D4', 1),
	(229, 'D5', 1),
	(230, 'D6', 1),
	(231, 'D7', 1),
	(232, 'D8', 1),
	(233, 'E1', 1),
	(234, 'E2', 1),
	(235, 'E3', 1),
	(236, 'E4', 1),
	(237, 'E5', 1),
	(238, 'E6', 1),
	(239, 'E7', 1),
	(240, 'E8', 1),
	(241, 'A1', 1),
	(242, 'A2', 1),
	(243, 'A3', 1),
	(244, 'A4', 1),
	(245, 'A5', 1),
	(246, 'A6', 1),
	(247, 'A7', 1),
	(248, 'A8', 1),
	(249, 'B1', 1),
	(250, 'B2', 1),
	(251, 'B3', 1),
	(252, 'B4', 1),
	(253, 'B5', 1),
	(254, 'B6', 1),
	(255, 'B7', 1),
	(256, 'B8', 1),
	(257, 'C1', 1),
	(258, 'C2', 1),
	(259, 'C3', 1),
	(260, 'C4', 1),
	(261, 'C5', 1),
	(262, 'C6', 1),
	(263, 'C7', 1),
	(264, 'C8', 1),
	(265, 'D1', 1),
	(266, 'D2', 1),
	(267, 'D3', 1),
	(268, 'D4', 1),
	(269, 'D5', 1),
	(270, 'D6', 1),
	(271, 'D7', 1),
	(272, 'D8', 1),
	(273, 'E1', 1),
	(274, 'E2', 1),
	(275, 'E3', 1),
	(276, 'E4', 1),
	(277, 'E5', 1),
	(278, 'E6', 1),
	(279, 'E7', 1),
	(280, 'E8', 1),
	(281, 'A1', 1),
	(282, 'A2', 1),
	(283, 'A3', 1),
	(284, 'A4', 1),
	(285, 'A5', 1),
	(286, 'A6', 1),
	(287, 'A7', 1),
	(288, 'A8', 1),
	(289, 'B1', 1),
	(290, 'B2', 1),
	(291, 'B3', 1),
	(292, 'B4', 1),
	(293, 'B5', 1),
	(294, 'B6', 1),
	(295, 'B7', 1),
	(296, 'B8', 1),
	(297, 'C1', 1),
	(298, 'C2', 1),
	(299, 'C3', 1),
	(300, 'C4', 1),
	(301, 'C5', 1),
	(302, 'C6', 1),
	(303, 'C7', 1),
	(304, 'C8', 1),
	(305, 'D1', 1),
	(306, 'D2', 1),
	(307, 'D3', 1),
	(308, 'D4', 1),
	(309, 'D5', 1),
	(310, 'D6', 1),
	(311, 'D7', 1),
	(312, 'D8', 1),
	(313, 'E1', 1),
	(314, 'E2', 1),
	(315, 'E3', 1),
	(316, 'E4', 1),
	(317, 'E5', 1),
	(318, 'E6', 1),
	(319, 'E7', 1),
	(320, 'E8', 1),
	(321, 'A1', 1),
	(322, 'A2', 1),
	(323, 'A3', 1),
	(324, 'A4', 1),
	(325, 'A5', 1),
	(326, 'A6', 1),
	(327, 'A7', 1),
	(328, 'A8', 1),
	(329, 'B1', 1),
	(330, 'B2', 1),
	(331, 'B3', 1),
	(332, 'B4', 1),
	(333, 'B5', 1),
	(334, 'B6', 1),
	(335, 'B7', 1),
	(336, 'B8', 1),
	(337, 'C1', 1),
	(338, 'C2', 1),
	(339, 'C3', 1),
	(340, 'C4', 1),
	(341, 'C5', 1),
	(342, 'C6', 1),
	(343, 'C7', 1),
	(344, 'C8', 1),
	(345, 'D1', 1),
	(346, 'D2', 1),
	(347, 'D3', 1),
	(348, 'D4', 1),
	(349, 'D5', 1),
	(350, 'D6', 1),
	(351, 'D7', 1),
	(352, 'D8', 1),
	(353, 'E1', 1),
	(354, 'E2', 1),
	(355, 'E3', 1),
	(356, 'E4', 1),
	(357, 'E5', 1),
	(358, 'E6', 1),
	(359, 'E7', 1),
	(360, 'E8', 1),
	(361, 'A1', 1),
	(362, 'A2', 1),
	(363, 'A3', 1),
	(364, 'A4', 1),
	(365, 'A5', 1),
	(366, 'A6', 1),
	(367, 'A7', 1),
	(368, 'A8', 1),
	(369, 'B1', 1),
	(370, 'B2', 1),
	(371, 'B3', 1),
	(372, 'B4', 1),
	(373, 'B5', 1),
	(374, 'B6', 1),
	(375, 'B7', 1),
	(376, 'B8', 1),
	(377, 'C1', 1),
	(378, 'C2', 1),
	(379, 'C3', 1),
	(380, 'C4', 1),
	(381, 'C5', 1),
	(382, 'C6', 1),
	(383, 'C7', 1),
	(384, 'C8', 1),
	(385, 'D1', 1),
	(386, 'D2', 1),
	(387, 'D3', 1),
	(388, 'D4', 1),
	(389, 'D5', 1),
	(390, 'D6', 1),
	(391, 'D7', 1),
	(392, 'D8', 1),
	(393, 'E1', 1),
	(394, 'E2', 1),
	(395, 'E3', 1),
	(396, 'E4', 1),
	(397, 'E5', 1),
	(398, 'E6', 1),
	(399, 'E7', 1),
	(400, 'E8', 1),
	(401, 'A1', 1),
	(402, 'A2', 1),
	(403, 'A3', 1),
	(404, 'A4', 1),
	(405, 'A5', 1),
	(406, 'A6', 1),
	(407, 'A7', 1),
	(408, 'A8', 1),
	(409, 'B1', 1),
	(410, 'B2', 1),
	(411, 'B3', 1),
	(412, 'B4', 1),
	(413, 'B5', 1),
	(414, 'B6', 1),
	(415, 'B7', 1),
	(416, 'B8', 1),
	(417, 'C1', 1),
	(418, 'C2', 1),
	(419, 'C3', 1),
	(420, 'C4', 1),
	(421, 'C5', 1),
	(422, 'C6', 1),
	(423, 'C7', 1),
	(424, 'C8', 1),
	(425, 'D1', 1),
	(426, 'D2', 1),
	(427, 'D3', 1),
	(428, 'D4', 1),
	(429, 'D5', 1),
	(430, 'D6', 1),
	(431, 'D7', 1),
	(432, 'D8', 1),
	(433, 'E1', 1),
	(434, 'E2', 1),
	(435, 'E3', 1),
	(436, 'E4', 1),
	(437, 'E5', 1),
	(438, 'E6', 1),
	(439, 'E7', 1),
	(440, 'E8', 1),
	(441, 'A1', 1),
	(442, 'A2', 1),
	(443, 'A3', 1),
	(444, 'A4', 1),
	(445, 'A5', 1),
	(446, 'A6', 1),
	(447, 'A7', 1),
	(448, 'A8', 1),
	(449, 'B1', 1),
	(450, 'B2', 1),
	(451, 'B3', 1),
	(452, 'B4', 1),
	(453, 'B5', 1),
	(454, 'B6', 1),
	(455, 'B7', 1),
	(456, 'B8', 1),
	(457, 'C1', 1),
	(458, 'C2', 1),
	(459, 'C3', 1),
	(460, 'C4', 1),
	(461, 'C5', 1),
	(462, 'C6', 1),
	(463, 'C7', 1),
	(464, 'C8', 1),
	(465, 'D1', 1),
	(466, 'D2', 1),
	(467, 'D3', 1),
	(468, 'D4', 1),
	(469, 'D5', 1),
	(470, 'D6', 1),
	(471, 'D7', 1),
	(472, 'D8', 1),
	(473, 'E1', 1),
	(474, 'E2', 1),
	(475, 'E3', 1),
	(476, 'E4', 1),
	(477, 'E5', 1),
	(478, 'E6', 1),
	(479, 'E7', 1),
	(480, 'E8', 1),
	(481, 'A1', 1),
	(482, 'A2', 1),
	(483, 'A3', 1),
	(484, 'A4', 1),
	(485, 'A5', 1),
	(486, 'A6', 1),
	(487, 'A7', 1),
	(488, 'A8', 1),
	(489, 'B1', 1),
	(490, 'B2', 1),
	(491, 'B3', 1),
	(492, 'B4', 1),
	(493, 'B5', 1),
	(494, 'B6', 1),
	(495, 'B7', 1),
	(496, 'B8', 1),
	(497, 'C1', 1),
	(498, 'C2', 1),
	(499, 'C3', 1),
	(500, 'C4', 1),
	(501, 'C5', 1),
	(502, 'C6', 1),
	(503, 'C7', 1),
	(504, 'C8', 1),
	(505, 'D1', 1),
	(506, 'D2', 1),
	(507, 'D3', 1),
	(508, 'D4', 1),
	(509, 'D5', 1),
	(510, 'D6', 1),
	(511, 'D7', 1),
	(512, 'D8', 1),
	(513, 'E1', 1),
	(514, 'E2', 1),
	(515, 'E3', 1),
	(516, 'E4', 1),
	(517, 'E5', 1),
	(518, 'E6', 1),
	(519, 'E7', 1),
	(520, 'E8', 1),
	(521, 'A1', 1),
	(522, 'A2', 1),
	(523, 'A3', 1),
	(524, 'A4', 1),
	(525, 'A5', 1),
	(526, 'A6', 1),
	(527, 'A7', 1),
	(528, 'A8', 1),
	(529, 'B1', 1),
	(530, 'B2', 1),
	(531, 'B3', 1),
	(532, 'B4', 1),
	(533, 'B5', 1),
	(534, 'B6', 1),
	(535, 'B7', 1),
	(536, 'B8', 1),
	(537, 'C1', 1),
	(538, 'C2', 1),
	(539, 'C3', 1),
	(540, 'C4', 1),
	(541, 'C5', 1),
	(542, 'C6', 1),
	(543, 'C7', 1),
	(544, 'C8', 1),
	(545, 'D1', 1),
	(546, 'D2', 1),
	(547, 'D3', 1),
	(548, 'D4', 1),
	(549, 'D5', 1),
	(550, 'D6', 1),
	(551, 'D7', 1),
	(552, 'D8', 1),
	(553, 'E1', 1),
	(554, 'E2', 1),
	(555, 'E3', 1),
	(556, 'E4', 1),
	(557, 'E5', 1),
	(558, 'E6', 1),
	(559, 'E7', 1),
	(560, 'E8', 1),
	(561, 'A1', 1),
	(562, 'A2', 1),
	(563, 'A3', 1),
	(564, 'A4', 1),
	(565, 'A5', 1),
	(566, 'A6', 1),
	(567, 'A7', 1),
	(568, 'A8', 1),
	(569, 'B1', 1),
	(570, 'B2', 1),
	(571, 'B3', 1),
	(572, 'B4', 1),
	(573, 'B5', 1),
	(574, 'B6', 1),
	(575, 'B7', 1),
	(576, 'B8', 1),
	(577, 'C1', 1),
	(578, 'C2', 1),
	(579, 'C3', 1),
	(580, 'C4', 1),
	(581, 'C5', 1),
	(582, 'C6', 1),
	(583, 'C7', 1),
	(584, 'C8', 1),
	(585, 'D1', 1),
	(586, 'D2', 1),
	(587, 'D3', 1),
	(588, 'D4', 1),
	(589, 'D5', 1),
	(590, 'D6', 1),
	(591, 'D7', 1),
	(592, 'D8', 1),
	(593, 'E1', 1),
	(594, 'E2', 1),
	(595, 'E3', 1),
	(596, 'E4', 1),
	(597, 'E5', 1),
	(598, 'E6', 1),
	(599, 'E7', 1),
	(600, 'E8', 1),
	(601, 'A1', 1),
	(602, 'A2', 1),
	(603, 'A3', 1),
	(604, 'A4', 1),
	(605, 'A5', 1),
	(606, 'A6', 1),
	(607, 'A7', 1),
	(608, 'A8', 1),
	(609, 'B1', 1),
	(610, 'B2', 1),
	(611, 'B3', 1),
	(612, 'B4', 1),
	(613, 'B5', 1),
	(614, 'B6', 1),
	(615, 'B7', 1),
	(616, 'B8', 1),
	(617, 'C1', 1),
	(618, 'C2', 1),
	(619, 'C3', 1),
	(620, 'C4', 1),
	(621, 'C5', 1),
	(622, 'C6', 1),
	(623, 'C7', 1),
	(624, 'C8', 1),
	(625, 'D1', 1),
	(626, 'D2', 1),
	(627, 'D3', 1),
	(628, 'D4', 1),
	(629, 'D5', 1),
	(630, 'D6', 1),
	(631, 'D7', 1),
	(632, 'D8', 1),
	(633, 'E1', 1),
	(634, 'E2', 1),
	(635, 'E3', 1),
	(636, 'E4', 1),
	(637, 'E5', 1),
	(638, 'E6', 1),
	(639, 'E7', 1),
	(640, 'E8', 1),
	(641, 'A1', 1),
	(642, 'A2', 1),
	(643, 'A3', 1),
	(644, 'A4', 1),
	(645, 'A5', 1),
	(646, 'A6', 1),
	(647, 'A7', 1),
	(648, 'A8', 1),
	(649, 'B1', 1),
	(650, 'B2', 1),
	(651, 'B3', 1),
	(652, 'B4', 1),
	(653, 'B5', 1),
	(654, 'B6', 1),
	(655, 'B7', 1),
	(656, 'B8', 1),
	(657, 'C1', 1),
	(658, 'C2', 1),
	(659, 'C3', 1),
	(660, 'C4', 1),
	(661, 'C5', 1),
	(662, 'C6', 1),
	(663, 'C7', 1),
	(664, 'C8', 1),
	(665, 'D1', 1),
	(666, 'D2', 1),
	(667, 'D3', 1),
	(668, 'D4', 1),
	(669, 'D5', 1),
	(670, 'D6', 1),
	(671, 'D7', 1),
	(672, 'D8', 1),
	(673, 'E1', 1),
	(674, 'E2', 1),
	(675, 'E3', 1),
	(676, 'E4', 1),
	(677, 'E5', 1),
	(678, 'E6', 1),
	(679, 'E7', 1),
	(680, 'E8', 1),
	(681, 'A1', 1),
	(682, 'A2', 1),
	(683, 'A3', 1),
	(684, 'A4', 1),
	(685, 'A5', 1),
	(686, 'A6', 1),
	(687, 'A7', 1),
	(688, 'A8', 1),
	(689, 'B1', 1),
	(690, 'B2', 1),
	(691, 'B3', 1),
	(692, 'B4', 1),
	(693, 'B5', 1),
	(694, 'B6', 1),
	(695, 'B7', 1),
	(696, 'B8', 1),
	(697, 'C1', 1),
	(698, 'C2', 1),
	(699, 'C3', 1),
	(700, 'C4', 1),
	(701, 'C5', 1),
	(702, 'C6', 1),
	(703, 'C7', 1),
	(704, 'C8', 1),
	(705, 'D1', 1),
	(706, 'D2', 1),
	(707, 'D3', 1),
	(708, 'D4', 1),
	(709, 'D5', 1),
	(710, 'D6', 1),
	(711, 'D7', 1),
	(712, 'D8', 1),
	(713, 'E1', 1),
	(714, 'E2', 1),
	(715, 'E3', 1),
	(716, 'E4', 1),
	(717, 'E5', 1),
	(718, 'E6', 1),
	(719, 'E7', 1),
	(720, 'E8', 1),
	(721, 'A1', 1),
	(722, 'A2', 1),
	(723, 'A3', 1),
	(724, 'A4', 1),
	(725, 'A5', 1),
	(726, 'A6', 1),
	(727, 'A7', 1),
	(728, 'A8', 1),
	(729, 'B1', 1),
	(730, 'B2', 1),
	(731, 'B3', 1),
	(732, 'B4', 1),
	(733, 'B5', 1),
	(734, 'B6', 1),
	(735, 'B7', 1),
	(736, 'B8', 1),
	(737, 'C1', 1),
	(738, 'C2', 1),
	(739, 'C3', 1),
	(740, 'C4', 1),
	(741, 'C5', 1),
	(742, 'C6', 1),
	(743, 'C7', 1),
	(744, 'C8', 1),
	(745, 'D1', 1),
	(746, 'D2', 1),
	(747, 'D3', 1),
	(748, 'D4', 1),
	(749, 'D5', 1),
	(750, 'D6', 1),
	(751, 'D7', 1),
	(752, 'D8', 1),
	(753, 'E1', 1),
	(754, 'E2', 1),
	(755, 'E3', 1),
	(756, 'E4', 1),
	(757, 'E5', 1),
	(758, 'E6', 1),
	(759, 'E7', 1),
	(760, 'E8', 1),
	(761, 'A1', 1),
	(762, 'A2', 1),
	(763, 'A3', 1),
	(764, 'A4', 1),
	(765, 'A5', 1),
	(766, 'A6', 1),
	(767, 'A7', 1),
	(768, 'A8', 1),
	(769, 'B1', 1),
	(770, 'B2', 1),
	(771, 'B3', 1),
	(772, 'B4', 1),
	(773, 'B5', 1),
	(774, 'B6', 1),
	(775, 'B7', 1),
	(776, 'B8', 1),
	(777, 'C1', 1),
	(778, 'C2', 1),
	(779, 'C3', 1),
	(780, 'C4', 1),
	(781, 'C5', 1),
	(782, 'C6', 1),
	(783, 'C7', 1),
	(784, 'C8', 1),
	(785, 'D1', 1),
	(786, 'D2', 1),
	(787, 'D3', 1),
	(788, 'D4', 1),
	(789, 'D5', 1),
	(790, 'D6', 1),
	(791, 'D7', 1),
	(792, 'D8', 1),
	(793, 'E1', 1),
	(794, 'E2', 1),
	(795, 'E3', 1),
	(796, 'E4', 1),
	(797, 'E5', 1),
	(798, 'E6', 1),
	(799, 'E7', 1),
	(800, 'E8', 1),
	(801, 'A1', 1),
	(802, 'A2', 1),
	(803, 'A3', 1),
	(804, 'A4', 1),
	(805, 'A5', 1),
	(806, 'A6', 1),
	(807, 'A7', 1),
	(808, 'A8', 1),
	(809, 'B1', 1),
	(810, 'B2', 1),
	(811, 'B3', 1),
	(812, 'B4', 1),
	(813, 'B5', 1),
	(814, 'B6', 1),
	(815, 'B7', 1),
	(816, 'B8', 1),
	(817, 'C1', 1),
	(818, 'C2', 1),
	(819, 'C3', 1),
	(820, 'C4', 1),
	(821, 'C5', 1),
	(822, 'C6', 1),
	(823, 'C7', 1),
	(824, 'C8', 1),
	(825, 'D1', 1),
	(826, 'D2', 1),
	(827, 'D3', 1),
	(828, 'D4', 1),
	(829, 'D5', 1),
	(830, 'D6', 1),
	(831, 'D7', 1),
	(832, 'D8', 1),
	(833, 'E1', 1),
	(834, 'E2', 1),
	(835, 'E3', 1),
	(836, 'E4', 1),
	(837, 'E5', 1),
	(838, 'E6', 1),
	(839, 'E7', 1),
	(840, 'E8', 1),
	(841, 'A1', 1),
	(842, 'A2', 1),
	(843, 'A3', 1),
	(844, 'A4', 1),
	(845, 'A5', 1),
	(846, 'A6', 1),
	(847, 'A7', 1),
	(848, 'A8', 1),
	(849, 'B1', 1),
	(850, 'B2', 1),
	(851, 'B3', 1),
	(852, 'B4', 1),
	(853, 'B5', 1),
	(854, 'B6', 1),
	(855, 'B7', 1),
	(856, 'B8', 1),
	(857, 'C1', 1),
	(858, 'C2', 1),
	(859, 'C3', 1),
	(860, 'C4', 1),
	(861, 'C5', 1),
	(862, 'C6', 1),
	(863, 'C7', 1),
	(864, 'C8', 1),
	(865, 'D1', 1),
	(866, 'D2', 1),
	(867, 'D3', 1),
	(868, 'D4', 1),
	(869, 'D5', 1),
	(870, 'D6', 1),
	(871, 'D7', 1),
	(872, 'D8', 1),
	(873, 'E1', 1),
	(874, 'E2', 1),
	(875, 'E3', 1),
	(876, 'E4', 1),
	(877, 'E5', 1),
	(878, 'E6', 1),
	(879, 'E7', 1),
	(880, 'E8', 1),
	(881, 'A1', 1),
	(882, 'A2', 1),
	(883, 'A3', 1),
	(884, 'A4', 1),
	(885, 'A5', 1),
	(886, 'A6', 1),
	(887, 'A7', 1),
	(888, 'A8', 1),
	(889, 'B1', 1),
	(890, 'B2', 1),
	(891, 'B3', 1),
	(892, 'B4', 1),
	(893, 'B5', 1),
	(894, 'B6', 1),
	(895, 'B7', 1),
	(896, 'B8', 1),
	(897, 'C1', 1),
	(898, 'C2', 1),
	(899, 'C3', 1),
	(900, 'C4', 1),
	(901, 'C5', 1),
	(902, 'C6', 1),
	(903, 'C7', 1),
	(904, 'C8', 1),
	(905, 'D1', 1),
	(906, 'D2', 1),
	(907, 'D3', 1),
	(908, 'D4', 1),
	(909, 'D5', 1),
	(910, 'D6', 1),
	(911, 'D7', 1),
	(912, 'D8', 1),
	(913, 'E1', 1),
	(914, 'E2', 1),
	(915, 'E3', 1),
	(916, 'E4', 1),
	(917, 'E5', 1),
	(918, 'E6', 1),
	(919, 'E7', 1),
	(920, 'E8', 1),
	(921, 'A1', 1),
	(922, 'A2', 1),
	(923, 'A3', 1),
	(924, 'A4', 1),
	(925, 'A5', 1),
	(926, 'A6', 1),
	(927, 'A7', 1),
	(928, 'A8', 1),
	(929, 'B1', 1),
	(930, 'B2', 1),
	(931, 'B3', 1),
	(932, 'B4', 1),
	(933, 'B5', 1),
	(934, 'B6', 1),
	(935, 'B7', 1),
	(936, 'B8', 1),
	(937, 'C1', 1),
	(938, 'C2', 1),
	(939, 'C3', 1),
	(940, 'C4', 1),
	(941, 'C5', 1),
	(942, 'C6', 1),
	(943, 'C7', 1),
	(944, 'C8', 1),
	(945, 'D1', 1),
	(946, 'D2', 1),
	(947, 'D3', 1),
	(948, 'D4', 1),
	(949, 'D5', 1),
	(950, 'D6', 1),
	(951, 'D7', 1),
	(952, 'D8', 1),
	(953, 'E1', 1),
	(954, 'E2', 1),
	(955, 'E3', 1),
	(956, 'E4', 1),
	(957, 'E5', 1),
	(958, 'E6', 1),
	(959, 'E7', 1),
	(960, 'E8', 1),
	(961, 'A1', 1),
	(962, 'A2', 1),
	(963, 'A3', 1),
	(964, 'A4', 1),
	(965, 'A5', 1),
	(966, 'A6', 1),
	(967, 'A7', 1),
	(968, 'A8', 1),
	(969, 'B1', 1),
	(970, 'B2', 1),
	(971, 'B3', 1),
	(972, 'B4', 1),
	(973, 'B5', 1),
	(974, 'B6', 1),
	(975, 'B7', 1),
	(976, 'B8', 1),
	(977, 'C1', 1),
	(978, 'C2', 1),
	(979, 'C3', 1),
	(980, 'C4', 1),
	(981, 'C5', 1),
	(982, 'C6', 1),
	(983, 'C7', 1),
	(984, 'C8', 1),
	(985, 'D1', 1),
	(986, 'D2', 1),
	(987, 'D3', 1),
	(988, 'D4', 1),
	(989, 'D5', 1),
	(990, 'D6', 1),
	(991, 'D7', 1),
	(992, 'D8', 1),
	(993, 'E1', 1),
	(994, 'E2', 1),
	(995, 'E3', 1),
	(996, 'E4', 1),
	(997, 'E5', 1),
	(998, 'E6', 1),
	(999, 'E7', 1),
	(1000, 'E8', 1),
	(1001, 'A1', 1),
	(1002, 'A2', 1),
	(1003, 'A3', 1),
	(1004, 'A4', 1),
	(1005, 'A5', 1),
	(1006, 'A6', 1),
	(1007, 'A7', 1),
	(1008, 'A8', 1),
	(1009, 'B1', 1),
	(1010, 'B2', 1),
	(1011, 'B3', 1),
	(1012, 'B4', 1),
	(1013, 'B5', 1),
	(1014, 'B6', 1),
	(1015, 'B7', 1),
	(1016, 'B8', 1),
	(1017, 'C1', 1),
	(1018, 'C2', 1),
	(1019, 'C3', 1),
	(1020, 'C4', 1),
	(1021, 'C5', 1),
	(1022, 'C6', 1),
	(1023, 'C7', 1),
	(1024, 'C8', 1),
	(1025, 'D1', 1),
	(1026, 'D2', 1),
	(1027, 'D3', 1),
	(1028, 'D4', 1),
	(1029, 'D5', 1),
	(1030, 'D6', 1),
	(1031, 'D7', 1),
	(1032, 'D8', 1),
	(1033, 'E1', 1),
	(1034, 'E2', 1),
	(1035, 'E3', 1),
	(1036, 'E4', 1),
	(1037, 'E5', 1),
	(1038, 'E6', 1),
	(1039, 'E7', 1),
	(1040, 'E8', 1),
	(1041, 'A1', 1),
	(1042, 'A2', 1),
	(1043, 'A3', 1),
	(1044, 'A4', 1),
	(1045, 'A5', 1),
	(1046, 'A6', 1),
	(1047, 'A7', 1),
	(1048, 'A8', 1),
	(1049, 'B1', 1),
	(1050, 'B2', 1),
	(1051, 'B3', 1),
	(1052, 'B4', 1),
	(1053, 'B5', 1),
	(1054, 'B6', 1),
	(1055, 'B7', 1),
	(1056, 'B8', 1),
	(1057, 'C1', 1),
	(1058, 'C2', 1),
	(1059, 'C3', 1),
	(1060, 'C4', 1),
	(1061, 'C5', 1),
	(1062, 'C6', 1),
	(1063, 'C7', 1),
	(1064, 'C8', 1),
	(1065, 'D1', 1),
	(1066, 'D2', 1),
	(1067, 'D3', 1),
	(1068, 'D4', 1),
	(1069, 'D5', 1),
	(1070, 'D6', 1),
	(1071, 'D7', 1),
	(1072, 'D8', 1),
	(1073, 'E1', 1),
	(1074, 'E2', 1),
	(1075, 'E3', 1),
	(1076, 'E4', 1),
	(1077, 'E5', 1),
	(1078, 'E6', 1),
	(1079, 'E7', 1),
	(1080, 'E8', 1);

-- Dumping structure for table bookve.ticket
CREATE TABLE IF NOT EXISTS `ticket` (
  `id` int NOT NULL AUTO_INCREMENT,
  `qr_imageurl` varchar(255) DEFAULT NULL,
  `bill_id` int DEFAULT NULL,
  `schedule_id` int NOT NULL,
  `seat_id` int NOT NULL,
  PRIMARY KEY (`id`),
  KEY `FKf9rrxu78kmw44u3xfarqpaa2r` (`bill_id`),
  KEY `FKdmmaqgvu0kjjlpsivmgnvurl5` (`schedule_id`),
  KEY `FKqahao9a85drt47ikjp0b8syvh` (`seat_id`),
  CONSTRAINT `FKdmmaqgvu0kjjlpsivmgnvurl5` FOREIGN KEY (`schedule_id`) REFERENCES `schedule` (`id`) ON DELETE CASCADE,
  CONSTRAINT `FKf9rrxu78kmw44u3xfarqpaa2r` FOREIGN KEY (`bill_id`) REFERENCES `bill` (`id`) ON DELETE CASCADE,
  CONSTRAINT `FKqahao9a85drt47ikjp0b8syvh` FOREIGN KEY (`seat_id`) REFERENCES `seat` (`id`) ON DELETE CASCADE
) ENGINE=InnoDB AUTO_INCREMENT=11 DEFAULT CHARSET=utf8mb4 COLLATE=utf8mb4_0900_ai_ci;

-- Dumping data for table bookve.ticket: ~10 rows (approximately)
INSERT INTO `ticket` (`id`, `qr_imageurl`, `bill_id`, `schedule_id`, `seat_id`) VALUES
	(1, 'https://scontent-sin6-2.xx.fbcdn.net/v/t1.15752-9/268794058_655331555823095_3657556108194277679_n.png?_nc_cat=105&ccb=1-5&_nc_sid=ae9488&_nc_ohc=BrNXGO8HufkAX_OGjWc&_nc_ht=scontent-sin6-2.xx&oh=03_AVK_zaJj7pziY9nLrVqoIQJAzbomu4KPgED1PxFFpYfCrQ&oe=61F778D8', 1, 1, 12),
	(2, 'https://scontent-sin6-2.xx.fbcdn.net/v/t1.15752-9/268794058_655331555823095_3657556108194277679_n.png?_nc_cat=105&ccb=1-5&_nc_sid=ae9488&_nc_ohc=BrNXGO8HufkAX_OGjWc&_nc_ht=scontent-sin6-2.xx&oh=03_AVK_zaJj7pziY9nLrVqoIQJAzbomu4KPgED1PxFFpYfCrQ&oe=61F778D8', 1, 1, 13),
	(3, 'https://scontent-sin6-2.xx.fbcdn.net/v/t1.15752-9/268794058_655331555823095_3657556108194277679_n.png?_nc_cat=105&ccb=1-5&_nc_sid=ae9488&_nc_ohc=BrNXGO8HufkAX_OGjWc&_nc_ht=scontent-sin6-2.xx&oh=03_AVK_zaJj7pziY9nLrVqoIQJAzbomu4KPgED1PxFFpYfCrQ&oe=61F778D8', 1, 1, 21),
	(4, 'https://scontent-sin6-2.xx.fbcdn.net/v/t1.15752-9/268794058_655331555823095_3657556108194277679_n.png?_nc_cat=105&ccb=1-5&_nc_sid=ae9488&_nc_ohc=BrNXGO8HufkAX_OGjWc&_nc_ht=scontent-sin6-2.xx&oh=03_AVK_zaJj7pziY9nLrVqoIQJAzbomu4KPgED1PxFFpYfCrQ&oe=61F778D8', 1, 1, 36),
	(5, 'https://scontent-sin6-2.xx.fbcdn.net/v/t1.15752-9/268794058_655331555823095_3657556108194277679_n.png?_nc_cat=105&ccb=1-5&_nc_sid=ae9488&_nc_ohc=BrNXGO8HufkAX_OGjWc&_nc_ht=scontent-sin6-2.xx&oh=03_AVK_zaJj7pziY9nLrVqoIQJAzbomu4KPgED1PxFFpYfCrQ&oe=61F778D8', 2, 3, 19),
	(6, 'https://scontent-sin6-2.xx.fbcdn.net/v/t1.15752-9/268794058_655331555823095_3657556108194277679_n.png?_nc_cat=105&ccb=1-5&_nc_sid=ae9488&_nc_ohc=BrNXGO8HufkAX_OGjWc&_nc_ht=scontent-sin6-2.xx&oh=03_AVK_zaJj7pziY9nLrVqoIQJAzbomu4KPgED1PxFFpYfCrQ&oe=61F778D8', 2, 3, 20),
	(7, 'https://scontent-sin6-2.xx.fbcdn.net/v/t1.15752-9/268794058_655331555823095_3657556108194277679_n.png?_nc_cat=105&ccb=1-5&_nc_sid=ae9488&_nc_ohc=BrNXGO8HufkAX_OGjWc&_nc_ht=scontent-sin6-2.xx&oh=03_AVK_zaJj7pziY9nLrVqoIQJAzbomu4KPgED1PxFFpYfCrQ&oe=61F778D8', 2, 3, 21),
	(8, 'https://scontent-sin6-2.xx.fbcdn.net/v/t1.15752-9/268794058_655331555823095_3657556108194277679_n.png?_nc_cat=105&ccb=1-5&_nc_sid=ae9488&_nc_ohc=BrNXGO8HufkAX_OGjWc&_nc_ht=scontent-sin6-2.xx&oh=03_AVK_zaJj7pziY9nLrVqoIQJAzbomu4KPgED1PxFFpYfCrQ&oe=61F778D8', 3, 8, 27),
	(9, 'https://scontent-sin6-2.xx.fbcdn.net/v/t1.15752-9/268794058_655331555823095_3657556108194277679_n.png?_nc_cat=105&ccb=1-5&_nc_sid=ae9488&_nc_ohc=BrNXGO8HufkAX_OGjWc&_nc_ht=scontent-sin6-2.xx&oh=03_AVK_zaJj7pziY9nLrVqoIQJAzbomu4KPgED1PxFFpYfCrQ&oe=61F778D8', 3, 8, 28),
	(10, 'https://scontent-sin6-2.xx.fbcdn.net/v/t1.15752-9/268794058_655331555823095_3657556108194277679_n.png?_nc_cat=105&ccb=1-5&_nc_sid=ae9488&_nc_ohc=BrNXGO8HufkAX_OGjWc&_nc_ht=scontent-sin6-2.xx&oh=03_AVK_zaJj7pziY9nLrVqoIQJAzbomu4KPgED1PxFFpYfCrQ&oe=61F778D8', 3, 8, 29);

-- Dumping structure for table bookve.userr
CREATE TABLE IF NOT EXISTS `userr` (
  `id` int NOT NULL AUTO_INCREMENT,
  `full_name` varchar(255) NOT NULL,
  `password` varchar(255) NOT NULL,
  `username` varchar(255) NOT NULL,
  PRIMARY KEY (`id`),
  UNIQUE KEY `UK_n67vkjwdu5sqqnyg6m79gmvo8` (`username`)
) ENGINE=InnoDB AUTO_INCREMENT=12 DEFAULT CHARSET=utf8mb4 COLLATE=utf8mb4_0900_ai_ci;

-- Dumping data for table bookve.userr: ~11 rows (approximately)
INSERT INTO `userr` (`id`, `full_name`, `password`, `username`) VALUES
	(1, 'Cong Huy', 'giang123', 'giang@gmail.com'),
	(2, 'nguyen dinh giang', '$2a$10$cL.SR4Ns0v/6LkMyu/69x.FUyc40wrCYjBGGmsX9qBkcG0CoBlIiO', 'gianghh@gmail.com'),
	(3, 'adpada2pcse@gmail.com', '$2a$10$809mTy..AGt8SK03VktZ7.TjBcQl7KcJmoUvkvKvprQbwXm.H9iWy', 'Asdsmin'),
	(4, 'giang1@gmail.com', '$2a$10$GRXQyV/OHZ89K./FliMene3w4YQIMGxk7WrTR1UHpdihUdxiuFF3a', 'Asdsin'),
	(5, 'giang', '$2a$10$fXY3HGlWz6BoFGo.5IHmDucgdn5X2/vL1q7UadTbGnw/NU3vX3NUG', 'giangboss4@gmail.com'),
	(6, 'giangs', '$2a$10$jVHiPpyCk3II4z87Xa6DkOs/xpmNP9x3r.SxKadafIY2xE2I5LGEG', 'giangoss4@gmail.com'),
	(7, 'giangs', '$2a$10$6Lpx/1/ifrQfqlDl2E7zbunbzHnzQ.zt/TBKA4n.y9L8g/ugcJC5.', 'thanhlong0607090000@gmail.com'),
	(8, 'giang22', '$2a$10$X8Cy9SIrWcOKclnS8Ryo7uCYjUVbgquZdyfzqgdssc.30UlcJcSa6', 'giangbs4@gmail.com'),
	(9, 'giang222', '$2a$10$J8EK2R0cWC2oSm1VyeKGBeMPxrVr/LM4Wboa3Ri6/yrtJ1Pf6m/5u', 'giang22@gmail.com'),
	(10, 'giắng111', '$2a$10$n3NJdlawN5AvUqFS5gIvs.ieX0wrWy.QGCfh/TjuiDvfIyskJrUxm', 'sas2@gmail.com'),
	(11, 'sddsds', '$2a$10$SSSdcaZN.0GqdMGpQvzOd.C6wRq8fMm7OB33Ih0rVeXab5NbzfGbq', 'guahsa@gmail.com');

-- Dumping structure for table bookve.users_roles
CREATE TABLE IF NOT EXISTS `users_roles` (
  `user_id` int NOT NULL,
  `role_id` int NOT NULL,
  PRIMARY KEY (`user_id`,`role_id`),
  KEY `FKj6m8fwv7oqv74fcehir1a9ffy` (`role_id`),
  CONSTRAINT `FKgi4eki2k56pk6mrwfseslbpjl` FOREIGN KEY (`user_id`) REFERENCES `userr` (`id`),
  CONSTRAINT `FKj6m8fwv7oqv74fcehir1a9ffy` FOREIGN KEY (`role_id`) REFERENCES `roles` (`id`)
) ENGINE=InnoDB DEFAULT CHARSET=utf8mb4 COLLATE=utf8mb4_0900_ai_ci;

-- Dumping data for table bookve.users_roles: ~8 rows (approximately)
INSERT INTO `users_roles` (`user_id`, `role_id`) VALUES
	(1, 1),
	(5, 2),
	(6, 3),
	(7, 4),
	(8, 5),
	(9, 6),
	(10, 7),
	(11, 8);

/*!40103 SET TIME_ZONE=IFNULL(@OLD_TIME_ZONE, 'system') */;
/*!40101 SET SQL_MODE=IFNULL(@OLD_SQL_MODE, '') */;
/*!40014 SET FOREIGN_KEY_CHECKS=IFNULL(@OLD_FOREIGN_KEY_CHECKS, 1) */;
/*!40101 SET CHARACTER_SET_CLIENT=@OLD_CHARACTER_SET_CLIENT */;
/*!40111 SET SQL_NOTES=IFNULL(@OLD_SQL_NOTES, 1) */;
